Timestamp,_id,height,difficulty,poolname,original_position,hashrate
1/1/2020 23:59,ObjectId(6323608825bf683e330c9394),610891,1.37988E+13,F2Pool,26,
12/31/2019 22:58,ObjectId(632494e0b8e9c0b10d1b8167),610714,1.29486E+13,Poolin,151,
1/2/2020 23:28,ObjectId(63249605b949b1037da07b46),611041,1.37988E+13,unknown,193,
1/3/2020 23:46,ObjectId(632499576a6b362c14cc382c),611200,1.37988E+13,BTC.TOP,355,
1/4/2020 23:26,ObjectId(63249dd48aeea2c06b45f1a5),611369,1.37988E+13,unknown,527,
1/5/2020 23:58,ObjectId(6324b042880f4f7e4a5aa065),611536,1.37988E+13,Poolin,694,
1/6/2020 23:41,ObjectId(6324be78a491d55341c9fff9),611678,1.37988E+13,F2Pool,836,16.16810474
1/7/2020 23:41,ObjectId(6324c38bc9c7fb0846b2ec8d),611848,1.37988E+13,F2Pool,1009,18.10884939
1/8/2020 23:53,ObjectId(6324c8816135d1770b73715e),611992,1.37988E+13,BTC.com,1153,11.79818975
1/9/2020 23:58,ObjectId(63250f008265e6127368ce77),612149,1.37988E+13,AntPool,1311,11.24943674
1/10/2020 23:56,ObjectId(63251162f6f8d1da0c1c060e),612292,1.37988E+13,BTC.com,1454,11.24943674
1/11/2020 23:59,ObjectId(63251757122396cf375ae567),612460,1.37988E+13,58COIN&1THash,1622,5.075965358
1/12/2020 23:41,ObjectId(632519bbc7bbc6e6fcfb0c0d),612609,1.37988E+13,Huobi.pool,1771,3.566894576
1/13/2020 23:55,ObjectId(63251c42ed33e5095385a8d0),612752,1.37988E+13,F2Pool,1914,18.52041414
1/14/2020 23:59,ObjectId(63251f2148c6e3f662d238d3),612899,1.47764E+13,AntPool,2061,9.636067229
1/15/2020 23:39,ObjectId(632527c019c4deba03219fae),613046,1.47764E+13,58COIN&1THash,2208,5.44589216
1/16/2020 23:57,ObjectId(63252cfa3ba2a4c1550963cc),613220,1.47764E+13,WAYI.CN,2382,0.567922545
1/17/2020 23:31,ObjectId(6325d81b4759a47bc2d29c29),613361,1.47764E+13,BTC.com,2523,13.52635117
1/19/2020 23:38,ObjectId(6325dc40eb3834f575a3738d),613644,1.47764E+13,F2Pool,2806,18.51037379
1/20/2020 23:53,ObjectId(6325e55b6d40350dbc462fe0),613801,1.47764E+13,ViaBTC,2953,8.667556957
1/21/2020 23:51,ObjectId(6325e731e5f981dc341aff77),613948,1.47764E+13,Poolin,3070,16.30675389
1/18/2020  23:01:44 PM,ObjectId(6325e7e292606ab7e90894b4),613400,1.47764E+13,F2Pool,3122,18.95108935
1/22/2020 23:55,ObjectId(6325ea2fabbed3a31321475d),614113,1.47764E+13,Poolin,3235,16.60056095
1/23/2020 23:50,ObjectId(6325ecda9241e2c229c76feb),614264,1.47764E+13,F2Pool,3386,20.71396478
1/24/2020 23:57,ObjectId(6325f64f28b0185082fef517),614417,1.47764E+13,OKExPool,3539,7.051559192
1/26/2020 23:47,ObjectId(63299cfa4e1e17cef22f04d1),614725,1.47764E+13,Huobi.pool,3742,5.141760516
1/27/2020 23:51,ObjectId(6329a0952f4e62537c89e32d),614848,1.47764E+13,Bitcoin.com,3865,0.440722329
1/28/2020 23:09,ObjectId(6329a6b1ba66fe5524891730),614998,1.54661E+13,F2Pool,4015,19.8464964
1/25/2020 11:59,ObjectId(6329a6b1ba66fe5524891732),614500,1.47764E+13,SlushPool,4017,4.295681366
1/29/2020 22:44,ObjectId(6329ad193048bf56a8212a7a),615161,1.54661E+13,Poolin,4183,17.36248283
1/30/2020 23:48,ObjectId(632b1b6ee84cc45b04b454c8),615311,1.54661E+13,F2Pool,4323,19.62871127
1/31/2020 23:58,ObjectId(632b5d684138f8b329732591),615463,1.54661E+13,ViaBTC,4465,7.159416574
2/1/2020 23:59,ObjectId(632f1d137a02171d331cf335),615604,1.54661E+13,BTC.com,4606,14.74980791
2/2/2020 23:58,ObjectId(632f1f765769050282e9d350),615750,1.54661E+13,F2Pool,4752,20.29695223
2/3/2020 23:48,ObjectId(632f224297e535ffd1fa5fc3),615895,1.54661E+13,SlushPool,4887,5.381767637
2/4/2020 23:58,ObjectId(6346ed0997b5a910016a3914),616035,1.54661E+13,BitFury,5022,3.997884531
2/5/2020 23:51,ObjectId(6346f2677e472ac4db41584b),616192,1.54661E+13,F2Pool,5179,21.37330576
2/6/2020 23:41,ObjectId(634701600bcd9abcbb096e83),616328,1.54661E+13,Poolin,5315,18.45177476
2/7/2020 23:58,ObjectId(63470704ebebfd464ce185e0),616467,1.54661E+13,58COIN&1THash,5454,6.304356375
2/8/2020 23:58,ObjectId(6348376e57ecc3201fa63192),616601,1.54661E+13,BytePool,5588,4.920473269
2/9/2020 23:49,ObjectId(635348866b74bca2028b4fb7),616753,1.54661E+13,F2Pool,6040,28.15686703
2/10/2020 2:34,ObjectId(635348b97b2ad3c55b7392ec),616770,1.54661E+13,AntPool,6057,8.923923309
2/11/2020 23:47,ObjectId(63534a483131c5bc88062769),617036,1.55467E+13,F2Pool,6093,29.70132826
2/12/2020 19:08,ObjectId(63534c625ec85911c082d424),617140,1.55467E+13,BytePool,6217,7.392375055
2/13/2020 23:56,ObjectId(63534e5aa0e316f554e9b488),617316,1.55467E+13,SlushPool,6353,7.090141233
2/14/2020 23:53,ObjectId(63534fee09427577b258a50c),617446,1.55467E+13,Poolin,6483,17.89868219
2/15/2020 23:50,ObjectId(635580720564b9437a54593b),617586,1.55467E+13,F2Pool,6618,24.39831361
2/16/2020 23:38,ObjectId(63558353023716130255e045),617728,1.55467E+13,Poolin,6755,19.00560059
2/17/2020 23:56,ObjectId(6355a8725909f2c35976cad2),617889,1.55467E+13,unknown,6906,4.327864374
2/18/2020 23:53,ObjectId(6355aa572cc94c31a4bb3ba1),618037,1.55467E+13,AntPool,7054,11.43792727
2/19/2020 23:23,ObjectId(6355ac8d5e8e4f36f7da7e02),618161,1.55467E+13,SpiderPool,7178,0.30913317
2/20/2020 23:58,ObjectId(6359654935530d401812cf29),618309,1.55467E+13,F2Pool,7326,18.39342359
2/21/2020 23:58,ObjectId(6359c511ca5426c0399ee7e7),618460,1.55467E+13,Poolin,7477,18.238857
2/22/2020 23:53,ObjectId(6359c6ce0cc90136e536406a),618600,1.55467E+13,Poolin,7617,17.15689091
2/23/2020 23:53,ObjectId(6359c9498d9080687748221d),618743,1.55467E+13,AntPool,7755,12.67445995
2/24/2020 23:55,ObjectId(6359cb129ba80a9e3f309499),618881,1.55467E+13,Huobi.pool,7893,5.255263882
2/25/2020 23:59,ObjectId(6359e4598b89c0623d31fb25),619034,1.54869E+13,unknown,8036,3.70735007
2/26/2020 23:49,ObjectId(6359e5d1a28ec446d4605032),619165,1.54869E+13,ViaBTC,8167,9.725013065
2/27/2020 23:52,ObjectId(6359e768652360a0832ac791),619315,1.54869E+13,BytePool,8317,3.701809033
2/28/2020 23:58,ObjectId(6359e965a9a47dc47a26e67c),619469,1.54869E+13,Poolin,8466,19.41902091
2/29/2020 23:56,ObjectId(635aac7a1e01388f4d744c3b),619621,1.54869E+13,BytePool,8618,3.695834179
3/1/2020 23:56,ObjectId(635aaffbd73b6f8694ea35ea),619788,1.54869E+13,AntPool,8785,11.70185137
3/2/2020 23:34,ObjectId(635ab35077c4d88489e71673),619935,1.54869E+13,Huobi.pool,8932,3.695321486
3/3/2020 23:45,ObjectId(635ab555a2183f7e860bd798),620093,1.54869E+13,AntPool,9090,11.8558231
3/4/2020 23:51,ObjectId(635ab75c0f39f10e69d27d7a),620272,1.54869E+13,BTC.TOP,9269,3.541349757
3/5/2020 23:55,ObjectId(635b1b41d4a8e7ce18168102),620431,1.54869E+13,F2Pool,9428,19.4004378
3/6/2020 23:41,ObjectId(635b1d3e0ed371c603079196),620578,1.54869E+13,BTC.TOP,9575,3.849293214
3/7/2020 23:52,ObjectId(635b1fadd307a2e25f0e00da),620729,1.54869E+13,BytePool,9716,3.079434571
3/8/2020 23:46,ObjectId(635b3aa5fbf9472d2fc4178a),620883,1.54869E+13,OKExPool,9880,6.158869143
3/9/2020 23:30,ObjectId(635b3c7f2f38354fef454fe5),621034,1.65529E+13,F2Pool,10031,22.3893657
3/10/2020 23:53,ObjectId(635eff84216a0436776e73c5),621171,1.65529E+13,Huobi.pool,10168,5.982464688
3/11/2020 23:59,ObjectId(635f028e5019810ce747114b),621286,1.65529E+13,58COIN&1THash,10263,5.875583023
3/12/2020 23:37,ObjectId(635f0446187efd60753a2750),621429,1.65529E+13,BTC.TOP,10406,3.860655498
3/13/2020 23:58,ObjectId(635f05f18ae5a036051be3ec),621563,1.65529E+13,Poolin,10540,20.85554958
3/14/2020 22:03,ObjectId(635f07ab578cd544575e22ff),621673,1.65529E+13,Huobi.pool,10660,5.924522258
3/15/2020 23:52,ObjectId(635f0aeefe81313fa34c14af),621807,1.65529E+13,Poolin,10784,20.40668778
3/16/2020 23:47,ObjectId(635f15d33790a58f7e7efb8d),621919,1.65529E+13,F2Pool,10896,20.07754765
3/17/2020 23:27,ObjectId(635f5591b2a622a4491aea13),622039,1.65529E+13,AntPool,11016,12.83646489
3/18/2020 23:59,ObjectId(635f579424c74015a3800eb0),622141,1.65529E+13,F2Pool,11108,21.22953809
3/19/2020 23:58,ObjectId(635f58f0f48fd272829c43f8),622247,1.65529E+13,Poolin,11194,21.06496803
3/20/2020 23:45,ObjectId(635f5ab11c6e438136152cbb),622367,1.65529E+13,F2Pool,11304,22.71066865
3/21/2020 23:26,ObjectId(635f5c7b54c3fff7097682ee),622491,1.65529E+13,Huobi.pool,11418,6.418232446
3/22/2020 23:53,ObjectId(6364a9bf834ddacdfcf4bc5c),622611,1.65529E+13,SlushPool,11538,4.772531632
3/23/2020 23:37,ObjectId(6364aa2c834ddacdfcf4bcda),622726,1.65529E+13,AntPool,11653,13.82388163
3/24/2020 23:25,ObjectId(6364aaac834ddacdfcf4bd65),622852,1.65529E+13,AntPool,11779,12.83645831
3/25/2020 23:57,ObjectId(6364ab0d834ddacdfcf4bdd4),622953,1.39125E+13,Huobi.pool,11880,6.405809962
3/26/2020 23:46,ObjectId(6364abab834ddacdfcf4be82),623111,1.39125E+13,SlushPool,12038,6.02914275
3/27/2020 23:57,ObjectId(6364ac49834ddacdfcf4bf34),623273,1.39125E+13,BTC.com,12200,13.42948786
3/28/2020 23:57,ObjectId(6364ae7d65cfdba33112f95d),623405,1.39125E+13,BTC.TOP,12332,1.625892976
3/29/2020 23:49,ObjectId(6364af1065cfdba33112f9f4),623556,1.39125E+13,BTC.TOP,12483,1.992455989
3/30/2020 23:56,ObjectId(6364afa365cfdba33112fa8b),623707,1.39125E+13,ViaBTC,12634,6.639303612
3/31/2020 23:47,ObjectId(6364b04065cfdba33112fb29),623865,1.39125E+13,F2Pool,12792,20.33286731
4/1/2020 23:55,ObjectId(6364b0c865cfdba33112fbb3),624003,1.39125E+13,AntPool,12930,11.20382484
4/2/2020 23:56,ObjectId(6364b15b65cfdba33112fc4e),624158,1.39125E+13,SlushPool,13085,4.287883583
4/3/2020 23:58,ObjectId(6364b1e565cfdba33112fcd3),624291,1.39125E+13,AntPool,13218,9.267361291
4/4/2020 23:53,ObjectId(6364b28265cfdba33112fd7a),624458,1.39125E+13,F2Pool,13385,20.05622966
4/5/2020 23:46,ObjectId(6364b32965cfdba33112fe1f),624623,1.39125E+13,ViaBTC,13550,6.362665961
4/6/2020 23:52,ObjectId(6364b3a965cfdba33112fea8),624760,1.39125E+13,F2Pool,13687,21.57773674
4/7/2020 23:52,ObjectId(6364b45065cfdba33112ff4f),624927,1.39125E+13,BTC.com,13854,13.41692605
4/8/2020 23:47,ObjectId(6364b4e365cfdba33112ffe4),625076,1.47152E+13,AntPool,14003,14.3789039
4/9/2020 23:32,ObjectId(6364b57e65cfdba33113007f),625231,1.47152E+13,AntPool,14158,13.99011284
4/10/2020 23:57,ObjectId(6364b61b65cfdba331130121),625393,1.47152E+13,ViaBTC,14320,7.15524533
4/11/2020 23:00,ObjectId(6364b6af65cfdba3311301b9),625545,1.47152E+13,Poolin,14472,17.80855611
4/12/2020 23:53,ObjectId(6364b74c65cfdba331130258),625704,1.47152E+13,F2Pool,14631,21.50599885
4/13/2020 23:59,ObjectId(63680414298809c03053aa05),625882,1.47152E+13,Poolin,14809,19.89670642
4/14/2020 23:59,ObjectId(636804b1298809c03053aaa5),626042,1.47152E+13,F2Pool,14969,19.75040711
4/15/2020 23:54,ObjectId(6368054e298809c03053ab49),626206,1.47152E+13,BTC.TOP,15133,1.609292431
4/16/2020 23:59,ObjectId(636805ec298809c03053abe4),626361,1.47152E+13,BTC.com,15288,14.62993119
4/17/2020 23:50,ObjectId(63680662298809c03053ac61),626486,1.47152E+13,AntPool,15413,14.19103326
4/18/2020 23:32,ObjectId(636806fe298809c03053ad04),626649,1.47152E+13,Huobi.pool,15576,6.144571101
4/19/2020 23:54,ObjectId(6368079c298809c03053ad9c),626801,1.47152E+13,F2Pool,15728,18.4337133
4/20/2020 23:53,ObjectId(6368082f298809c03053ae38),626957,1.47152E+13,F2Pool,15884,16.38552294
4/21/2020 23:49,ObjectId(636808cc298809c03053aed6),627115,1.59587E+13,ViaBTC,16042,7.434302348
4/22/2020 23:59,ObjectId(63680943298809c03053af4e),627235,1.59587E+13,OKExPool,16162,7.537326882
4/23/2020 23:41,ObjectId(636809d6298809c03053afe6),627387,1.59587E+13,F2Pool,16314,20.85648298
4/24/2020 23:44,ObjectId(63680a5e298809c03053b071),627526,1.59587E+13,AntPool,16453,13.5496608
4/25/2020 23:32,ObjectId(63680ae1298809c03053b0f5),627658,1.59587E+13,58COIN&1THash,16585,5.846361389
4/26/2020 23:34,ObjectId(63680b6a298809c03053b17a),627791,1.59587E+13,OKExPool,16718,6.187827984
4/27/2020 23:44,ObjectId(63680e54685269612767dda9),627935,1.59587E+13,F2Pool,16863,21.2607423
4/28/2020 23:43,ObjectId(63680ef2685269612767de45),628091,1.59587E+13,BTC.TOP,17019,1.427960304
4/29/2020 23:38,ObjectId(63680f7c685269612767ded5),628235,1.59587E+13,Huobi.pool,17163,5.55317896
4/30/2020 23:58,ObjectId(63680ffc685269612767df5b),628369,1.59587E+13,BTC.com,17297,13.48629176
5/1/2020 23:52,ObjectId(63681098685269612767dff3),628521,1.59587E+13,Huobi.pool,17449,5.077192192
5/2/2020 23:54,ObjectId(6368112e685269612767e088),628670,1.59587E+13,Poolin,17598,19.832782
5/3/2020 23:55,ObjectId(636811cd685269612767e12d),628835,1.59587E+13,58COIN&1THash,17763,7.139801519
5/4/2020 23:57,ObjectId(6368126b685269612767e1c8),628990,1.59587E+13,BTC.com,17918,12.85164274
5/5/2020 23:57,ObjectId(636812fe685269612767e263),629145,1.61048E+13,F2Pool,18073,17.9637139
5/6/2020 23:10,ObjectId(63681391685269612767e2fc),629298,1.61048E+13,BTC.com,18226,13.37948497
5/7/2020 23:50,ObjectId(63681424685269612767e38d),629443,1.61048E+13,F2Pool,18371,18.66993654
5/8/2020 23:59,ObjectId(636814ae685269612767e419),629583,1.61048E+13,58COIN&1THash,18511,7.033599953
5/9/2020 23:53,ObjectId(63681537685269612767e4a9),629727,1.61048E+13,SlushPool,18655,5.764132442
5/10/2020 23:23,ObjectId(636817eaea974b5f2728b89b),629899,1.61048E+13,OKExPool,18827,8.005739503
5/11/2020 23:57,ObjectId(6368187dea974b5f2728b92c),630044,1.61048E+13,SpiderPool,18972,0.80057395
5/12/2020 23:23,ObjectId(63681905ea974b5f2728b9b8),630184,1.61048E+13,F2Pool,19112,23.05652977
5/13/2020 23:49,ObjectId(6368197aea974b5f2728ba2c),630300,1.61048E+13,BTC.com,19228,12.969298
5/14/2020 23:46,ObjectId(636819e7ea974b5f2728baa2),630418,1.61048E+13,BTC.com,19346,13.92998674
5/15/2020 23:47,ObjectId(63681a67ea974b5f2728bb24),630548,1.61048E+13,BTC.com,19476,14.89067548
5/16/2020 23:58,ObjectId(63681adcea974b5f2728bb9a),630666,1.61048E+13,Huobi.pool,19594,6.404591603
5/17/2020 23:45,ObjectId(63681b52ea974b5f2728bc0f),630783,1.61048E+13,ViaBTC,19711,6.884935973
5/18/2020 23:55,ObjectId(63681bbeea974b5f2728bc80),630896,1.61048E+13,ViaBTC,19824,7.365280343
5/19/2020 23:40,ObjectId(63681c34ea974b5f2728bcf5),631013,1.5138E+13,F2Pool,19941,21.12636572
5/20/2020 23:37,ObjectId(63681cabea974b5f2728bd6e),631134,1.5138E+13,F2Pool,20062,22.65654155
5/21/2020 23:55,ObjectId(63681d2aea974b5f2728bdef),631263,1.5138E+13,Poolin,20191,13.94807804
5/22/2020 23:45,ObjectId(63681d97ea974b5f2728be5a),631370,1.5138E+13,Poolin,20298,14.4424804
5/23/2020 23:59,ObjectId(63681e0eea974b5f2728beda),631498,1.5138E+13,Binance Pool,20426,3.225419939
5/24/2020 23:58,ObjectId(63681e83ea974b5f2728bf4e),631614,1.5138E+13,Poolin,20542,15.96259442
5/25/2020 23:57,ObjectId(63681ef9ea974b5f2728bfc9),631737,1.5138E+13,BTC.com,20665,12.79273905
5/26/2020 23:50,ObjectId(63681f79ea974b5f2728c044),631860,1.5138E+13,Poolin,20788,16.40480654
5/27/2020 23:59,ObjectId(636821811461a3cea373ae0a),631998,1.5138E+13,F2Pool,20926,20.46838248
5/28/2020 23:42,ObjectId(6368220a1461a3cea373ae93),632135,1.5138E+13,Binance Pool,21063,3.311061871
5/29/2020 23:51,ObjectId(6368228a1461a3cea373af15),632265,1.5138E+13,F2Pool,21193,21.07039373
5/30/2020 23:15,ObjectId(6368231e1461a3cea373afab),632415,1.5138E+13,Poolin,21343,16.25430373
5/31/2020 23:55,ObjectId(636823a81461a3cea373b036),632554,1.5138E+13,Lubian.com,21482,3.612067496
6/1/2020 23:56,ObjectId(636824321461a3cea373b0c5),632697,1.5138E+13,F2Pool,21625,21.67240498
6/2/2020 23:50,ObjectId(636824b21461a3cea373b148),632828,1.5138E+13,BTC.com,21756,13.09374467
6/3/2020 23:56,ObjectId(6368253b1461a3cea373b1d2),632966,1.5138E+13,AntPool,21894,11.43821374
6/4/2020 23:59,ObjectId(636825da1461a3cea373b271),633125,1.37324E+13,Poolin,22053,17.08238674
6/5/2020 23:57,ObjectId(636826811461a3cea373b31f),633299,1.37324E+13,BTC.com,22227,13.35520854
6/6/2020 23:51,ObjectId(636827461461a3cea373b3e5),633497,1.37324E+13,58COIN&1THash,22425,5.510537067
6/7/2020 23:56,ObjectId(636827db1461a3cea373b47d),633649,1.37324E+13,F2Pool,22577,20.33920497
6/8/2020 23:59,ObjectId(63683ac300ad963ca906dbd9),633811,1.37324E+13,BTC.com,22739,13.51629787
6/9/2020 23:52,ObjectId(63683dc309e37a92ec69f282),633983,1.37324E+13,F2Pool,22911,18.29478702
6/10/2020 23:52,ObjectId(63683e6009e37a92ec69f31f),634140,1.37324E+13,Binance Pool,23068,4.368904363
6/11/2020 23:47,ObjectId(63683f0909e37a92ec69f3d2),634319,1.37324E+13,Lubian.com,23247,4.505432624
6/12/2020 23:45,ObjectId(63683fbb09e37a92ec69f47f),634492,1.37324E+13,58COIN&1THash,23420,8.19169568
6/13/2020 23:50,ObjectId(6368405809e37a92ec69f51f),634652,1.37324E+13,Poolin,23580,13.24324135
6/14/2020 23:53,ObjectId(636840f409e37a92ec69f5c1),634814,1.37324E+13,BTC.com,23742,12.42407178
6/15/2020 23:42,ObjectId(6368417d09e37a92ec69f650),634957,1.37324E+13,AntPool,23885,9.420450032
6/16/2020 23:56,ObjectId(6368420709e37a92ec69f6d9),635094,1.57847E+13,AntPool,24022,9.801857292
6/17/2020 23:56,ObjectId(6368428f09e37a92ec69f769),635238,1.57847E+13,Poolin,24166,15.91787
6/18/2020 23:54,ObjectId(6368431009e37a92ec69f7e5),635362,1.57847E+13,F2Pool,24290,21.69859296
6/19/2020 23:06,ObjectId(6368439009e37a92ec69f86c),635497,1.57847E+13,58COIN&1THash,24425,6.724948836
6/20/2020 23:59,ObjectId(6368441909e37a92ec69f8f9),635638,1.57847E+13,Poolin,24566,15.18937569
6/21/2020 23:58,ObjectId(636844b709e37a92ec69f996),635795,1.57847E+13,Poolin,24723,13.96697814
6/22/2020 23:43,ObjectId(63684bd3889f060cd44d2743),635926,1.57847E+13,F2Pool,24854,21.18586571
6/23/2020 23:51,ObjectId(63684c71889f060cd44d27e3),636086,1.57847E+13,Poolin,25014,18.04721894
6/24/2020 23:55,ObjectId(63684d05889f060cd44d2878),636235,1.57847E+13,Bitcoin.com,25163,0.156932339
6/25/2020 23:59,ObjectId(63684d87889f060cd44d28fb),636366,1.57847E+13,Poolin,25294,20.55813636
6/26/2020 23:59,ObjectId(63684e2f889f060cd44d29a1),636532,1.57847E+13,58COIN&1THash,25460,6.434225883
6/27/2020 23:56,ObjectId(63684ec3889f060cd44d2a35),636680,1.57847E+13,ViaBTC,25608,7.375819914
6/28/2020 23:39,ObjectId(63684f4c889f060cd44d2ac2),636821,1.57847E+13,ViaBTC,25749,6.74809056
6/29/2020 23:55,ObjectId(63684fe0889f060cd44d2b5f),636978,1.57847E+13,ViaBTC,25906,5.963428867
6/30/2020 23:56,ObjectId(6368506b889f060cd44d2be5),637112,1.57842E+13,MiningCity,26040,
7/1/2020 23:54,ObjectId(6368511b889f060cd44d2c98),637291,1.57842E+13,Binance Pool,26219,6.591090077
7/2/2020 23:55,ObjectId(636851af889f060cd44d2d32),637445,1.57842E+13,AntPool,26373,14.90831702
7/3/2020 23:47,ObjectId(6368524d889f060cd44d2dd3),637606,1.57842E+13,Poolin,26534,17.26213954
7/4/2020 23:57,ObjectId(636852eb889f060cd44d2e6f),637762,1.57842E+13,58COIN&1THash,26690,7.532518283
7/5/2020 23:33,ObjectId(636854ea1fe4a7fc849a0117),637918,1.57842E+13,F2Pool,26846,18.67435674
7/6/2020 23:59,ObjectId(6368559b1fe4a7fc849a01c3),638090,1.57842E+13,BTC.com,27018,12.55418941
7/7/2020 23:49,ObjectId(636856301fe4a7fc849a025b),638242,1.57842E+13,SlushPool,27170,5.8063126
7/8/2020 23:56,ObjectId(636856c41fe4a7fc849a02f1),638392,1.57842E+13,SlushPool,27320,5.17860313
7/9/2020 23:55,ObjectId(6368576c1fe4a7fc849a0399),638560,1.57842E+13,AntPool,27488,12.86804414
7/10/2020 23:55,ObjectId(636858011fe4a7fc849a0434),638715,1.57842E+13,Binance Pool,27643,4.55089366
7/11/2020 23:55,ObjectId(6368588a1fe4a7fc849a04c4),638859,1.57842E+13,Huobi.pool,27787,10.82798836
7/12/2020 23:54,ObjectId(636859321fe4a7fc849a056a),639025,1.57842E+13,F2Pool,27953,20.08670305
7/13/2020 23:34,ObjectId(636859bd1fe4a7fc849a05f6),639165,1.73459E+13,BTC.com,28093,10.6485026
7/14/2020 23:58,ObjectId(63685a511fe4a7fc849a068d),639316,1.73459E+13,F2Pool,28244,20.4358301
7/15/2020 23:49,ObjectId(63685adc1fe4a7fc849a0715),639452,1.73459E+13,AntPool,28380,12.05389959
7/16/2020 23:42,ObjectId(63685b5d1fe4a7fc849a079d),639588,1.73459E+13,Poolin,28516,19.8304542
7/17/2020 23:39,ObjectId(63685bd31fe4a7fc849a0810),639703,1.73459E+13,Huobi.pool,28631,12.27849297
7/18/2020 23:47,ObjectId(6368607b6d53b343ef170af0),639828,1.73459E+13,Poolin,28756,21.72918802
7/19/2020 23:33,ObjectId(636864e804a1686df7427d64),639974,1.73459E+13,OKExPool,28902,9.140055279
7/20/2020 23:51,ObjectId(6368656804a1686df7427deb),640109,1.73459E+13,BTC.com,29037,13.27894824
7/21/2020 23:51,ObjectId(636865dd04a1686df7427e62),640228,1.73459E+13,OKExPool,29156,9.829870772
7/22/2020 23:34,ObjectId(6368666604a1686df7427eef),640369,1.73459E+13,Binance Pool,29297,5.863431689
7/23/2020 23:45,ObjectId(636866f004a1686df7427f7a),640508,1.73459E+13,AntPool,29436,15.86575633
7/24/2020 23:53,ObjectId(6368679704a1686df7428021),640675,1.73459E+13,F2Pool,29603,20.86691866
7/25/2020 23:56,ObjectId(6368682b04a1686df74280b5),640823,1.73459E+13,AntPool,29751,13.45140211
7/26/2020 23:56,ObjectId(636868bf04a1686df7428150),640978,1.73459E+13,F2Pool,29906,20.34955704
7/27/2020 23:38,ObjectId(6368695204a1686df74281e6),641128,1.68476E+13,BTC.com,30056,13.77429152
7/28/2020 23:53,ObjectId(636869e504a1686df7428275),641271,1.68476E+13,F2Pool,30199,17.11946996
7/29/2020 23:57,ObjectId(63686a7904a1686df742830c),641422,1.68476E+13,Poolin,30350,19.73806229
7/30/2020 23:53,ObjectId(63686af804a1686df742838d),641551,1.68476E+13,Huobi.pool,30479,12.86437524
7/31/2020 23:50,ObjectId(63686b8104a1686df7428420),641698,1.68476E+13,F2Pool,30626,14.97483989
8/1/2020 23:51,ObjectId(63686c1504a1686df74284b3),641845,1.68476E+13,OKKONG,30773,0.669998991
8/2/2020 23:40,ObjectId(636888abf7054f2e16de514d),641977,1.68476E+13,Poolin,30905,17.08497427
8/3/2020 23:51,ObjectId(63688953f7054f2e16de51f5),642145,1.68476E+13,Huobi.pool,31073,11.2224831
8/4/2020 23:52,ObjectId(636889ddf7054f2e16de527f),642283,1.68476E+13,Poolin,31211,17.41997376
8/5/2020 23:58,ObjectId(63688a5df7054f2e16de5303),642415,1.68476E+13,WAYI.CN,31343,0.334999495
8/6/2020 23:53,ObjectId(63688afbf7054f2e16de53a6),642578,1.68476E+13,BTC.com,31506,14.23747856
8/7/2020 23:46,ObjectId(63688b8ff7054f2e16de5438),642724,1.68476E+13,Poolin,31652,19.42997074
8/8/2020 23:36,ObjectId(63688c19f7054f2e16de54c9),642869,1.68476E+13,F2Pool,31797,17.58747351
8/9/2020 23:57,ObjectId(63688cb6f7054f2e16de5562),643022,1.68476E+13,F2Pool,31950,17.25247402
8/10/2020 23:52,ObjectId(63688d38f7054f2e16de55e9),643157,1.69478E+13,ViaBTC,32085,7.540788539
8/11/2020 23:53,ObjectId(63688dd5f7054f2e16de5686),643314,1.69478E+13,F2Pool,32242,16.10786921
8/12/2020 23:56,ObjectId(63688e72f7054f2e16de572a),643478,1.69478E+13,Huobi.pool,32406,10.58508455
8/13/2020 23:50,ObjectId(63688f07f7054f2e16de57b9),643621,1.69478E+13,58COIN&1THash,32549,9.251828862
8/14/2020 23:56,ObjectId(63688fa4f7054f2e16de585f),643787,1.69478E+13,ViaBTC,32715,7.916903167
8/15/2020 23:14,ObjectId(636896179b888c849334dc6f),643946,1.69478E+13,BTC.com,32874,11.62621997
8/16/2020 23:11,ObjectId(6368969f9b888c849334dcf9),644084,1.69478E+13,BTC.com,33012,13.14268344
8/17/2020 23:36,ObjectId(636897299b888c849334dd82),644221,1.69478E+13,Poolin,33149,18.53455357
8/18/2020 23:48,ObjectId(636897b39b888c849334de0e),644361,1.69478E+13,BTC.com,33289,13.14268344
8/19/2020 23:57,ObjectId(636898329b888c849334de91),644492,1.69478E+13,SlushPool,33420,4.38089448
8/20/2020 23:57,ObjectId(636898c49b888c849334df2a),644645,1.69478E+13,F2Pool,33573,18.53455357
8/21/2020 23:56,ObjectId(636899559b888c849334dfc0),644795,1.69478E+13,BTC.com,33723,13.14268344
8/22/2020 23:42,ObjectId(636899dc9b888c849334e049),644932,1.69478E+13,OKExPool,33860,6.739837661
8/23/2020 23:58,ObjectId(63689a7a9b888c849334e0ea),645093,1.69478E+13,Huobi.pool,34021,12.63719561
8/24/2020 23:33,ObjectId(63689b049b888c849334e17c),645239,1.7558E+13,BTC.com,34167,13.72938842
8/25/2020 23:55,ObjectId(63689b8d9b888c849334e202),645373,1.7558E+13,Huobi.pool,34301,10.92086988
8/26/2020 23:46,ObjectId(63689c0e9b888c849334e286),645505,1.7558E+13,F2Pool,34433,21.46846606
8/27/2020 23:46,ObjectId(63689c8d9b888c849334e30a),645637,1.7558E+13,F2Pool,34565,21.43425128
8/28/2020 23:52,ObjectId(63689d349b888c849334e3b3),645806,1.7558E+13,Poolin,34734,16.38202824
8/29/2020 23:56,ObjectId(63694562edde746a37d15a70),645944,1.7558E+13,ViaBTC,34871,6.458815565
8/30/2020 23:59,ObjectId(636945deedde746a37d15aed),646069,1.7558E+13,NovaBlock,34996,1.571063245
8/31/2020 23:53,ObjectId(6369467bedde746a37d15b87),646223,1.7558E+13,Huobi.pool,35150,12.91763113
9/1/2020 23:47,ObjectId(63694719edde746a37d15c27),646383,1.7558E+13,F2Pool,35310,18.50363378
9/2/2020 23:59,ObjectId(63694799edde746a37d15ca8),646512,1.7558E+13,58COIN&1THash,35439,8.553566559
9/3/2020 23:55,ObjectId(6369481aedde746a37d15d29),646641,1.7558E+13,Poolin,35568,15.01238212
9/4/2020 23:56,ObjectId(636948a4edde746a37d15db7),646783,1.7558E+13,58COIN&1THash,35710,8.204441393
9/5/2020 23:53,ObjectId(6369492eedde746a37d15e42),646922,1.7558E+13,F2Pool,35849,20.77294736
9/6/2020 23:54,ObjectId(636949c2edde746a37d15ed7),647071,1.7558E+13,Binance Pool,35998,10.1246298
9/7/2020 23:59,ObjectId(63694a6aedde746a37d15f89),647249,1.7346E+13,BTC.com,36176,17.24894707
9/8/2020 23:49,ObjectId(63694b08edde746a37d1602a),647410,1.7346E+13,BTC.com,36337,18.07108992
9/9/2020 23:30,ObjectId(63694b92edde746a37d160b3),647547,1.7346E+13,BTC.TOP,36474,3.467188572
9/10/2020 23:48,ObjectId(63694c30edde746a37d1614f),647703,1.7346E+13,Huobi.pool,36630,11.58448471
9/11/2020 23:10,ObjectId(63694cc4edde746a37d161e6),647854,1.7346E+13,58COIN&1THash,36781,8.278114664
9/12/2020 23:49,ObjectId(63694d6cedde746a37d16296),648030,1.7346E+13,F2Pool,36957,18.45267081
9/13/2020 23:51,ObjectId(63694e90104a15789d937835),648197,1.7346E+13,Huobi.pool,37125,11.38202125
9/14/2020 23:21,ObjectId(63694f38104a15789d9378d9),648361,1.7346E+13,58COIN&1THash,37289,8.795198237
9/15/2020 23:23,ObjectId(63694fcc104a15789d937976),648518,1.7346E+13,BTC.com,37446,21.03949382
9/16/2020 23:52,ObjectId(6369506b104a15789d937a14),648676,1.7346E+13,58COIN&1THash,37604,7.588014166
9/17/2020 23:51,ObjectId(6369511f104a15789d937ac3),648851,1.7346E+13,OKExPool,37779,8.277833635
9/18/2020 23:58,ObjectId(636951bc104a15789d937b63),649011,1.7346E+13,58COIN&1THash,37939,7.760469033
9/19/2020 23:53,ObjectId(63695247104a15789d937bf7),649159,1.93147E+13,BTC.com,38087,23.47974172
9/20/2020 23:51,ObjectId(636952db104a15789d937c8b),649307,1.93147E+13,Poolin,38235,21.37688638
9/21/2020 23:40,ObjectId(63695366104a15789d937d18),649448,1.93147E+13,58COIN&1THash,38376,8.122568082
9/22/2020 23:57,ObjectId(636953f0104a15789d937d9d),649581,1.93147E+13,BTC.com,38509,24.11933571
9/23/2020 23:55,ObjectId(63695470104a15789d937e22),649714,1.93147E+13,Poolin,38642,17.64686629
9/24/2020 23:57,ObjectId(636954f9104a15789d937eb2),649858,1.93147E+13,OKKONG,38786,0.766588818
9/25/2020 23:59,ObjectId(636955a2104a15789d937f5a),650026,1.93147E+13,Poolin,38954,18.62669553
9/26/2020 23:49,ObjectId(6369562b104a15789d937fe8),650168,1.93147E+13,AntPool,39096,15.36222312
9/27/2020 23:48,ObjectId(63695f9aee14966ba74e20d0),650326,1.93147E+13,BTC.com,39253,19.97089005
9/28/2020 23:58,ObjectId(63696023ee14966ba74e215c),650466,1.93147E+13,BTC.com,39393,20.35494563
9/29/2020 23:53,ObjectId(636960abee14966ba74e21e3),650601,1.93147E+13,F2Pool,39528,20.35494563
9/30/2020 23:52,ObjectId(6369613fee14966ba74e227b),650753,1.93147E+13,Binance Pool,39680,7.48908377
10/1/2020 23:48,ObjectId(636961b6ee14966ba74e22f7),650877,1.93147E+13,F2Pool,39804,19.2027789
10/2/2020 23:53,ObjectId(6369624aee14966ba74e238b),651025,1.93147E+13,F2Pool,39952,20.35494563
10/3/2020 23:44,ObjectId(636962ddee14966ba74e2421),651175,1.92981E+13,Binance Pool,40102,9.025230668
10/4/2020 23:59,ObjectId(63696370ee14966ba74e24b5),651323,1.92981E+13,F2Pool,40250,21.11914859
10/5/2020 23:59,ObjectId(636963f9ee14966ba74e2546),651468,1.92981E+13,ViaBTC,40395,6.334647762
10/6/2020 23:51,ObjectId(63696479ee14966ba74e25c3),651593,1.92981E+13,F2Pool,40520,19.19303706
10/7/2020 23:43,ObjectId(63696516ee14966ba74e2663),651753,1.92981E+13,Huobi.pool,40680,16.11907042
10/8/2020 23:43,ObjectId(636965aaee14966ba74e26fe),651908,1.92981E+13,BTC.TOP,40835,6.331470779
10/9/2020 23:55,ObjectId(63696b0dde38251e669ccb95),652050,1.92981E+13,OKExPool,40978,8.633823789
10/10/2020 23:49,ObjectId(636970bbe5ae4b82e408d1ee),652192,1.92981E+13,ViaBTC,41119,9.785000294
10/11/2020 23:56,ObjectId(63697145e5ae4b82e408d27b),652333,1.92981E+13,F2Pool,41260,19.57000059
10/12/2020 23:54,ObjectId(636971d9e5ae4b82e408d314),652486,1.92981E+13,BTC.com,41413,22.2560791
10/13/2020 23:57,ObjectId(63697280e5ae4b82e408d3bc),652654,1.92981E+13,AntPool,41581,14.77343182
10/14/2020 23:53,ObjectId(6369730ae5ae4b82e408d44a),652796,1.92981E+13,AntPool,41723,14.77343182
10/15/2020 23:47,ObjectId(636973a7e5ae4b82e408d4e5),652951,1.92981E+13,Poolin,41878,19.37813784
10/16/2020 23:58,ObjectId(6369743be5ae4b82e408d584),653110,1.92981E+13,AntPool,42037,16.69205933
10/17/2020 23:44,ObjectId(636974d9e5ae4b82e408d61e),653264,1.99973E+13,ViaBTC,42191,10.01691592
10/18/2020 23:43,ObjectId(63697546e5ae4b82e408d68d),653375,1.99973E+13,Lubian.com,42302,5.036244639
10/19/2020 23:51,ObjectId(636975d0e5ae4b82e408d71d),653519,1.99973E+13,F2Pool,42446,23.21549133
10/20/2020 23:41,ObjectId(6369764fe5ae4b82e408d79d),653647,1.99973E+13,Poolin,42574,18.45529649
10/21/2020 23:54,ObjectId(636976cfe5ae4b82e408d820),653778,1.99973E+13,MiningCity,42705,2.173574978
10/22/2020 23:58,ObjectId(6369774fe5ae4b82e408d8a1),653907,1.99973E+13,Poolin,42834,19.48379503
10/23/2020 23:56,ObjectId(636989c7e5ae4b82e408d930),654050,1.99973E+13,Binance Pool,42977,13.12173951
10/24/2020 23:58,ObjectId(63698a58e5ae4b82e408d9c1),654195,1.99973E+13,Huobi.pool,43122,13.32055374
10/25/2020 23:40,ObjectId(63698acee5ae4b82e408da3c),654318,1.99973E+13,Poolin,43245,21.47193738
10/26/2020 23:31,ObjectId(63698b30e5ae4b82e408daa2),654420,1.99973E+13,Poolin,43347,22.66482279
10/27/2020 23:57,ObjectId(63698b93e5ae4b82e408db02),654516,1.99973E+13,TATMAS Pool,43443,
10/28/2020 23:45,ObjectId(63698bfee5ae4b82e408db6e),654624,1.99973E+13,BTC.com,43551,16.10395303
10/29/2020 23:52,ObjectId(63698c61e5ae4b82e408dbd6),654728,1.99973E+13,58COIN&1THash,43655,11.33241139
10/30/2020 23:48,ObjectId(63698ccce5ae4b82e408dc41),654835,1.99973E+13,Lubian.com,43762,6.362055519
10/31/2020 23:54,ObjectId(63698d42e5ae4b82e408dcb5),654951,1.99973E+13,Poolin,43878,18.29090962
11/1/2020 23:56,ObjectId(63698e27693ae98417d89be8),655079,1.99973E+13,NovaBlock,44006,0.596442705
11/2/2020 23:43,ObjectId(63698e88693ae98417d89c49),655176,1.99973E+13,F2Pool,44103,24.85177937
11/3/2020 23:48,ObjectId(63698f1a693ae98417d89ce1),655328,1.67878E+13,F2Pool,44255,24.33781146
11/4/2020 23:50,ObjectId(63698fb2693ae98417d89d7b),655482,1.67878E+13,BTC.com,44409,14.90809235
11/5/2020 23:52,ObjectId(63699044693ae98417d89e10),655631,1.67878E+13,Poolin,44558,17.25754094
11/6/2020 23:58,ObjectId(636990d8693ae98417d89eaa),655785,1.67878E+13,Huobi.pool,44712,13.65816421
11/7/2020 23:49,ObjectId(63699161693ae98417d89f37),655926,1.67878E+13,Lubian.com,44853,4.673345961
11/8/2020 23:39,ObjectId(636991f3693ae98417d89fce),656077,1.67878E+13,ViaBTC,45004,11.6833649
11/9/2020 23:23,ObjectId(636992a3693ae98417d8a07e),656253,1.67878E+13,ViaBTC,45180,11.18264926
11/10/2020 23:49,ObjectId(6369932c693ae98417d8a109),656392,1.67878E+13,ViaBTC,45319,12.01717533
11/11/2020 23:45,ObjectId(636993b4693ae98417d8a19d),656540,1.67878E+13,BTC.com,45467,14.68765873
11/12/2020 23:52,ObjectId(63699451693ae98417d8a23a),656697,1.67878E+13,AntPool,45624,13.51932224
11/13/2020 23:48,ObjectId(636994e4693ae98417d8a2ca),656841,1.67878E+13,Poolin,45768,15.85599523
11/14/2020 23:54,ObjectId(6369956d693ae98417d8a35f),656990,1.67878E+13,Binance Pool,45917,11.51645969
11/15/2020 23:55,ObjectId(6369975212d6e072ad3333af),657143,1.67878E+13,AntPool,46070,13.18551182
11/16/2020 23:50,ObjectId(636997e512d6e072ad33344c),657300,1.75968E+13,F2Pool,46227,24.67300583
11/17/2020 23:42,ObjectId(6369988112d6e072ad3334e6),657454,1.75968E+13,AntPool,46381,12.54772945
11/18/2020 23:35,ObjectId(6369991c12d6e072ad333584),657612,1.75968E+13,ViaBTC,46539,11.4790383
11/19/2020 23:58,ObjectId(636999ae12d6e072ad33361d),657765,1.75968E+13,Binance Pool,46692,13.67000936
11/20/2020 23:34,ObjectId(63699a5312d6e072ad3336c3),657931,1.75968E+13,F2Pool,46858,24.48494713
11/21/2020 23:59,ObjectId(63699af712d6e072ad333775),658109,1.75968E+13,1THash,47036,9.447210064
11/22/2020 23:27,ObjectId(63699b9312d6e072ad333816),658270,1.75968E+13,SlushPool,47197,3.84886336
11/23/2020 23:59,ObjectId(63699c2312d6e072ad3338a4),658412,1.75968E+13,F2Pool,47339,27.99173352
11/24/2020 23:56,ObjectId(63699caa12d6e072ad333931),658553,1.75968E+13,AntPool,47480,10.84679674
11/25/2020 23:58,ObjectId(63699d3a12d6e072ad3339cd),658709,1.75968E+13,1THash,47636,7.697726719
11/26/2020 23:53,ObjectId(63699dd712d6e072ad333a65),658861,1.75968E+13,AntPool,47788,12.77122842
11/27/2020 23:41,ObjectId(6369a08d2e0561cbe3a46323),659016,1.75968E+13,AntPool,47943,12.77122842
11/28/2020 23:38,ObjectId(6369a1202e0561cbe3a463b8),659165,1.75968E+13,AntPool,48092,12.77122842
11/29/2020 23:59,ObjectId(6369a1ab2e0561cbe3a46445),659306,1.91572E+13,Binance Pool,48233,13.59379451
11/30/2020 23:50,ObjectId(6369a2352e0561cbe3a464cf),659444,1.91572E+13,Poolin,48371,16.69500867
12/1/2020 23:50,ObjectId(6369a2ab2e0561cbe3a46548),659565,1.91572E+13,F2Pool,48492,26.95425813
12/2/2020 23:56,ObjectId(6369a3472e0561cbe3a465e4),659721,1.91572E+13,Binance Pool,48648,13.72586348
12/3/2020 23:56,ObjectId(6369a3d12e0561cbe3a46673),659864,1.91572E+13,AntPool,48791,12.25677772
12/4/2020 23:51,ObjectId(6369a46f2e0561cbe3a46711),660022,1.91572E+13,BTC.com,48949,17.33203431
12/5/2020 23:54,ObjectId(6369a4ed2e0561cbe3a46796),660155,1.91572E+13,Poolin,49082,16.95111048
12/6/2020 23:54,ObjectId(6369a5752e0561cbe3a46823),660296,1.91572E+13,Binance Pool,49223,16.37972473
12/7/2020 23:31,ObjectId(6369a6092e0561cbe3a468ba),660447,1.91572E+13,BTC.com,49374,14.85602941
12/8/2020 23:50,ObjectId(6369a68a2e0561cbe3a4693e),660579,1.91572E+13,Binance Pool,49506,15.23695324
12/9/2020 23:43,ObjectId(6369a7132e0561cbe3a469c4),660713,1.91572E+13,Poolin,49640,17.14157239
12/10/2020 23:46,ObjectId(6369a79e2e0561cbe3a46a52),660855,1.91572E+13,Lubian.com,49782,4.952009802
12/11/2020 23:36,ObjectId(6369a81d2e0561cbe3a46ad3),660984,1.91572E+13,BTC.com,49911,12.76094834
12/12/2020 23:58,ObjectId(6369ae8b4ee3e4e220af4c36),661128,1.91572E+13,Binance Pool,50055,16.95111048
12/13/2020 23:56,ObjectId(6369af274ee3e4e220af4cd2),661284,1.86702E+13,AntPool,50211,14.26653728
12/14/2020 23:57,ObjectId(6369afba4ee3e4e220af4d65),661431,1.86702E+13,Poolin,50358,17.40959288
12/15/2020 23:46,ObjectId(6369b03b4ee3e4e220af4df0),661570,1.86702E+13,Poolin,50497,16.38232289
12/16/2020 23:53,ObjectId(6369b0c64ee3e4e220af4e74),661702,1.86702E+13,F2Pool,50629,21.73943287
12/17/2020 23:48,ObjectId(6369b1504ee3e4e220af4f00),661842,1.86702E+13,F2Pool,50769,22.37609361
12/18/2020 23:47,ObjectId(6369b1e54ee3e4e220af4f9d),661999,1.86702E+13,AntPool,50926,15.40647122
12/19/2020 23:52,ObjectId(637038982300b8e84c44cf15),662157,1.86702E+13,SpiderPool,51084,1.113720811
12/20/2020 23:55,ObjectId(637039292300b8e84c44cfa5),662301,1.86702E+13,F2Pool,51228,23.01689677
12/21/2020 23:59,ObjectId(637039b32300b8e84c44d036),662446,1.86702E+13,1THash,51373,7.796045679
12/22/2020 23:58,ObjectId(63703a3b2300b8e84c44d0c0),662584,1.86702E+13,1THash,51511,8.167285949
12/23/2020 23:40,ObjectId(63703ad62300b8e84c44d15d),662741,1.86702E+13,unknown,51668,3.898022839
12/24/2020 23:40,ObjectId(63703b4c2300b8e84c44d1de),662870,1.86702E+13,Poolin,51797,14.47837055
12/25/2020 23:58,ObjectId(63703bd62300b8e84c44d265),663005,1.86702E+13,unknown,51932,3.898022839
12/26/2020 23:50,ObjectId(63703f653e1e009a3e1dbb5a),663149,1.86702E+13,Huobi.pool,52076,12.80778933
12/27/2020 23:58,ObjectId(63703ff83e1e009a3e1dbbf1),663300,1.85996E+13,Huobi.pool,52227,12.99095959
12/28/2020 23:44,ObjectId(6370408b3e1e009a3e1dbc81),663444,1.85996E+13,AntPool,52371,14.27927609
12/29/2020 23:52,ObjectId(637041293e1e009a3e1dbd25),663608,1.85996E+13,BTC.com,52535,13.71114237
12/30/2020 23:55,ObjectId(637041cf3e1e009a3e1dbdd0),663779,1.85996E+13,Binance Pool,52706,16.84574485
12/31/2020 23:59,ObjectId(637042773e1e009a3e1dbe75),663944,1.85996E+13,unknown,52871,4.80888775
